date, pm25, pm10, o3, no2, so2, co
2020/6/1, 29, 16, 31, 8, 1, 4
2020/6/2, 37, 37, 28, 13, 1, 4
2020/6/3, 51, 29, 35, 14, , 5
2020/6/4, 54, 16, 25, 15, 1, 5
2020/6/5, 34, 10, 25, 9, 1, 4
2020/6/6, 26, 18, 32, 9, 1, 4
2020/6/7, 53, 17, 20, 8, 1, 4
2020/6/8, 61, 17, 19, 5, , 5
2020/6/9, 60, 22, 25, 13, , 6
2020/6/10, 79, 15, 32, 7, 1, 4
2020/6/11, 65, 24, 31, 12, 1, 5
2020/6/12, 71, 23, 37, 7, 1, 5
2020/6/13, 65, 16, 22, 4, 1, 3
2020/6/14, 54, 16, 29, 11, 1, 4
2020/6/15, 47, 19, 26, 12, 1, 5
2020/6/16, 58, 18, 24, 10, , 5
2020/6/17, 67, 21, 35, 10, , 5
2020/6/18, 74, 15, 27, 8, , 5
2020/6/19, 66, 10, 19, 5, , 3
2020/6/20, 44, 10, 17, 4, , 3
2020/6/21, 46, 10, 21, 7, , 4
2020/6/22, 48, 13, 30, 6, , 3
2020/6/23, 33, 20, 19, 9, , 4
2020/6/24, 56, 22, 30, 12, , 4
2020/6/25, 62, 20, 29, 13, , 5
2020/6/26, 56, 12, 18, 9, , 4
2020/6/27, 52, , , , , 
2020/5/1, 68, 13, 33, 6, , 5
2020/5/2, 49, 12, 32, 4, 1, 4
2020/5/3, 50, 36, 36, 11, 1, 6
2020/5/4, 75, 23, 33, 10, , 5
2020/5/5, 48, 16, 25, 9, 1, 5
2020/5/6, 67, 23, 31, 9, 1, 5
2020/5/7, 59, 32, 42, 14, 1, 6
2020/5/8, 78, 23, 58, 16, , 7
2020/5/9, 64, 20, 44, 12, , 6
2020/5/10, 57, 31, 39, 16, , 6
2020/5/11, 44, 18, 28, 8, , 5
2020/5/12, 26, 35, 23, 12, , 5
2020/5/13, 50, 17, 26, 11, , 4
2020/5/14, 51, 27, 25, 13, , 6
2020/5/15, 90, 24, 38, 12, , 4
2020/5/16, 75, 21, 38, 11, , 4
2020/5/17, 71, 24, 37, 16, , 5
2020/5/18, 59, 25, 40, 15, , 4
2020/5/19, 59, 20, 33, 8, , 3
2020/5/20, 25, 17, 32, 9, , 3
2020/5/21, 27, 17, 33, 11, , 4
2020/5/22, 33, 22, 39, 15, , 3
2020/5/23, 46, 13, 28, 5, , 2
2020/5/24, 29, 14, 18, 8, , 4
2020/5/25, 41, 18, 22, 10, , 5
2020/5/26, 48, 21, 24, 11, 1, 4
2020/5/27, 61, 24, 34, 9, 1, 4
2020/5/28, 61, 19, 26, 8, , 3
2020/5/29, 35, 16, 22, 6, 1, 3
2020/5/30, 37, , 21, , , 4
2020/5/31, 18, 19, 31, 9, , 5
2020/4/1, 120, 32, 41, 13, 2, 7
2020/4/2, 106, 27, 34, 12, 2, 6
2020/4/3, 93, 27, 39, 9, 2, 5
2020/4/4, 88, 33, 43, 8, 1, 5
2020/4/5, 92, 37, 44, 21, 1, 6
2020/4/6, 80, 44, 42, 23, 1, 7
2020/4/7, 96, 41, 44, 23, 1, 7
2020/4/8, 95, 33, 48, 16, 1, 6
2020/4/9, 94, 20, 37, 8, 1, 4
2020/4/10, 50, 29, 44, 8, 1, 5
2020/4/11, 83, 21, 45, 10, 1, 5
2020/4/12, 58, 17, 42, 7, 1, 4
2020/4/13, 64, 17, 31, 5, 1, 3
2020/4/14, 35, 25, 35, 7, 2, 4
2020/4/15, 66, 22, 43, 10, 1, 5
2020/4/16, 61, 27, 38, 15, 1, 5
2020/4/17, 63, 20, 43, 9, 1, 4
2020/4/18, 51, 15, 39, 5, 1, 4
2020/4/19, 41, 18, 37, 10, 1, 5
2020/4/20, 50, 27, 38, 11, , 5
2020/4/21, 69, 27, 42, 14, , 5
2020/4/22, 61, 27, 44, 19, , 6
2020/4/23, 63, 27, 46, 15, 1, 6
2020/4/24, 75, 23, 36, 7, 1, 4
2020/4/25, 62, 17, 37, 9, 1, 4
2020/4/26, 44, 30, 42, 19, 1, 6
2020/4/27, 64, 34, 42, 22, , 7
2020/4/28, 65, 29, 40, 13, , 6
2020/4/29, 71, 27, 41, 10, 1, 5
2020/4/30, 86, 17, 24, 8, , 5
2020/3/1, 58, 22, 22, 21, 2, 8
2020/3/2, 61, 17, 12, 20, 2, 9
2020/3/3, 63, 24, 21, 17, 3, 6
2020/3/4, 69, 47, 33, 24, 2, 9
2020/3/5, 106, 37, 20, 28, 3, 9
2020/3/6, 84, 23, 18, 15, 2, 6
2020/3/7, 57, 31, 24, 16, 2, 7
2020/3/8, 78, 53, 30, 24, 1, 10
2020/3/9, 102, 46, 25, 20, 3, 9
2020/3/10, 14, 12, 25, 11, 1, 5
2020/3/11, 49, 20, 27, 14, 1, 6
2020/3/12, 51, 15, 27, 11, 1, 4
2020/3/13, 39, 13, 33, 7, 1, 3
2020/3/14, 37, 21, 35, 9, 1, 4
2020/3/15, 66, 32, 29, 16, 2, 6
2020/3/16, 88, 46, 32, 19, 4, 8
2020/3/17, 115, 57, 35, 21, 3, 9
2020/3/18, 127, 43, 38, 17, 1, 9
2020/3/19, 119, 37, 23, 14, 1, 5
2020/3/20, 100, 12, 27, 3, 1, 3
2020/3/21, 48, 13, 29, 3, 1, 3
2020/3/22, 40, 21, 34, 6, 1, 4
2020/3/23, 62, 24, 35, 7, 1, 4
2020/3/24, 66, 31, 38, 9, 1, 4
2020/3/25, 76, 32, 37, 12, 2, 5
2020/3/26, 88, 40, 43, 14, 2, 5
2020/3/27, 105, 49, 45, 19, 2, 6
2020/3/28, 130, 42, 37, 8, 4, 6
2020/3/29, 138, 14, 29, 8, 1, 4
2020/3/30, 47, 31, 28, 11, 2, 6
2020/3/31, 115, 38, 35, 10, 3, 6
2020/2/1, 41, 16, 27, 14, 3, 5
2020/2/2, 28, 9, 19, 8, 2, 6
2020/2/3, 46, 10, 21, 16, 2, 7
2020/2/4, 34, 14, 26, 12, 2, 5
2020/2/5, 30, 28, 13, 14, 4, 6
2020/2/6, 86, 24, 23, 18, 3, 6
2020/2/7, 62, 46, 18, 24, 3, 9
2020/2/8, 113, 58, 1, 26, 1, 17
2020/2/9, 187, 16, , 18, , 
2020/2/24, 66, 16, 21, 19, 2, 8
2020/2/25, 54, 15, 25, 18, 2, 6
2020/2/26, 43, 16, 24, 17, 2, 6
2020/2/27, 52, 22, 21, 17, 2, 7
2020/2/28, 78, 23, 28, 19, 1, 6
2020/2/29, 56, 22, 27, 22, 2, 7
2020/1/2, 141, 43, 10, 21, 5, 18
2020/1/3, 186, 60, 24, 23, 3, 4
2020/1/5, 66, 10, 15, 10, 2, 8
2020/1/6, 129, 48, 9, 14, 4, 10
2020/1/7, 137, 43, 14, 21, 5, 9
2020/1/8, 127, 37, 4, 18, 2, 10
2020/1/9, 106, 31, 7, 18, 6, 10
2020/1/10, 141, 42, 13, 18, 3, 6
2020/1/11, 75, 20, 15, 11, 3, 8
2020/1/12, 80, 22, 12, 14, 3, 9
2020/1/13, 94, 32, 2, 18, 2, 15
2020/1/14, 165, 60, 4, 20, 5, 16
2020/1/15, 159, 62, 2, 24, 4, 16
2020/1/16, 161, 54, 3, 22, 1, 15
2020/1/17, 149, 50, 5, 20, 7, 13
2020/1/18, 150, 45, 9, 17, 3, 10
2020/1/19, 122, 35, 14, 14, 2, 7
2020/1/20, 86, 25, 20, 16, 4, 7
2020/1/21, 91, 28, 14, 13, 5, 7
2020/1/22, 92, 26, 16, 13, 3, 9
2020/1/23, 92, 27, 13, 20, 6, 13
2020/1/24, 147, 48, 14, 20, 6, 9
2020/1/25, 125, 36, 10, 14, 7, 11
2020/1/26, 153, 48, 7, 15, 8, 15
2020/1/27, 160, 53, 10, 21, 4, 19
2020/1/28, 142, 50, 26, 28, 3, 6
2020/1/29, 42, 11, 24, 10, 3, 6
2020/1/30, 48, 11, 21, 12, 3, 7
2020/1/31, 45, 12, 22, 16, 3, 7
2019/10/1, 46, 29, 15, 22, 2, 8
2019/10/2, 78, 16, 18, 13, 1, 6
2019/10/3, 74, 23, 15, 16, 1, 7
2019/10/4, 94, 14, 19, 11, , 7
2019/10/5, 73, 14, 21, 11, , 6
2019/10/6, 60, 29, 24, 20, 1, 7
2019/10/7, 83, 33, 19, 23, 1, 9
2019/10/8, 95, 19, 10, 17, 1, 8
2019/10/9, 69, 11, 22, 13, , 6
2019/10/10, 34, 23, 21, 19, , 8
2019/10/11, 50, 29, 24, 23, 1, 10
2019/10/12, 61, 32, 22, 24, 1, 10
2019/10/13, 82, 50, 21, 26, 1, 12
2019/10/14, 94, 51, 28, 31, 1, 12
2019/10/15, 107, 31, 22, 21, 1, 9
2019/10/16, 72, 34, 28, 26, 1, 10
2019/10/17, 68, 42, 25, 28, 2, 11
2019/10/18, 98, 41, 19, 22, 2, 12
2019/10/19, 120, 40, 24, 23, 1, 11
2019/10/20, 93, 44, 14, 26, 2, 9
2019/10/21, 81, 51, 21, 24, 2, 11
2019/10/22, 116, 49, 8, 20, 1, 10
2019/10/23, 153, 54, 10, 26, 1, 13
2019/10/24, 140, 50, 18, 23, 2, 10
2019/10/25, 134, 51, 19, 22, 1, 11
2019/10/26, 139, 36, 25, 18, 2, 8
2019/10/27, 105, 23, 21, 15, 1, 5
2019/10/28, 74, 37, 13, 17, 3, 7
2019/10/29, 125, 23, 23, 17, 1, 6
2019/10/30, 73, 50, 10, 22, 2, 9
2019/10/31, 149, 45, 9, 17, 1, 9
2019/11/1, 155, 37, 8, 20, 3, 11
2019/11/2, 120, 20, 26, 15, 1, 7
2019/11/3, 72, 17, 17, 18, 1, 8
2019/11/4, 67, 23, 14, 23, 1, 10
2019/11/5, 76, 33, 14, 20, 2, 9
2019/11/6, 107, 51, 7, 24, 2, 14
2019/11/7, 121, 41, 4, 19, 1, 13
2019/11/8, 130, 26, 2, 14, 2, 13
2019/11/9, 108, 12, 8, 11, 2, 9
2019/11/10, 79, 20, 19, 13, 1, 8
2019/11/11, 81, 32, 11, 23, 2, 12
2019/11/12, 80, 30, 16, 23, 2, 11
2019/11/13, 94, 25, 11, 17, 2, 8
2019/11/14, 79, 35, 5, 15, 1, 10
2019/11/15, 115, 43, 16, 20, 2, 13
2019/11/16, 107, 35, 15, 18, 3, 11
2019/11/17, 97, 57, 10, 27, 4, 14
2019/11/18, 95, 51, 6, 26, 2, 14
2019/11/19, 93, 46, 7, 18, 2, 12
2019/11/20, 125, 21, 12, 19, 2, 8
2019/11/21, 79, 23, 6, 12, 2, 9
2019/11/22, 76, 30, 4, 11, 1, 10
2019/11/23, 116, 38, 7, 10, 1, 17
2019/11/24, 130, 36, 3, 12, 2, 10
2019/11/25, 123, 36, 2, 14, 2, 11
2019/11/26, 130, 36, 2, 15, 2, 13
2019/11/27, 133, 65, 1, 25, 4, 23
2019/11/28, 165, 17, 16, 17, 2, 9
2019/11/29, 64, 22, 22, 13, 3, 8
2019/11/30, 69, 36, 17, 19, 3, 12
2019/12/1, 123, 33, 13, 18, 4, 11
2019/12/2, 133, 22, 16, 19, 2, 9
2019/12/3, 97, 46, 6, 25, 3, 14
2019/12/4, 164, 55, 3, 26, 5, 16
2019/12/5, 162, 38, 8, 20, 5, 12
2019/12/6, 132, 25, 11, 16, 5, 10
2019/12/7, 101, 26, 20, 22, 3, 10
2019/12/8, 53, 29, 12, 27, 3, 12
2019/12/9, 76, 25, 15, 18, 3, 9
2019/12/10, 75, 38, 14, 27, 3, 10
2019/12/11, 101, 62, 2, 28, 4, 17
2019/12/12, 158, 38, 2, 27, 5, 13
2019/12/13, 95, 20, 20, 24, 4, 10
2019/12/14, 51, 18, 26, 24, 3, 9
2019/12/15, 50, 35, 18, 26, 2, 13
2019/12/16, 92, 64, 1, 26, 2, 22
2019/12/17, 171, 58, 2, 26, 2, 22
2019/12/18, 163, 63, 2, 19, , 19
2019/12/19, 160, 49, 20, 32, 1, 16
2019/12/20, 107, 30, 23, 21, 1, 10
2019/12/21, 69, 19, 12, 14, 1, 9
2019/12/22, 81, 13, 10, 16, , 10
2019/12/23, 71, 10, 19, 9, 1, 7
2019/12/24, 44, 17, 13, 11, 1, 9
2019/12/25, 88, 12, 17, 8, 1, 7
2019/12/26, 52, 11, 14, 12, , 7
2019/12/27, 48, 8, 16, 8, , 6
2019/12/28, 31, 14, , 10, , 
2019/7/1, 44, 20, 47, 16, 3, 3
2019/7/2, 46, 18, 38, 15, 3, 3
2019/7/3, 33, 21, 42, 19, 3, 3
2019/7/4, 38, 23, 39, 21, 3, 3
2019/7/5, 41, 21, 50, 18, 3, 3
2019/7/6, 39, 17, 40, 14, 3, 3
2019/7/7, 50, 16, 33, 11, 3, 2
2019/7/8, 23, 16, 32, 14, 3, 2
2019/7/9, 31, 17, 28, 13, 3, 2
2019/7/10, 29, 16, 25, 15, 3, 3
2019/7/11, 47, 17, 37, 19, 3, 3
2019/7/12, 45, 18, 31, 16, 3, 4
2019/7/13, 66, 14, 23, 9, 2, 3
2019/7/14, 54, 18, 36, 16, 2, 4
2019/7/15, 40, 20, 32, 15, 3, 3
2019/7/16, 59, 18, 27, 15, 3, 3
2019/7/17, 41, 22, 40, 23, 3, 4
2019/7/18, 43, 21, 44, 23, 3, 4
2019/7/19, 50, 19, 48, 18, 2, 4
2019/7/20, 51, 18, 44, 15, 2, 4
2019/7/21, 51, 29, 38, 19, 3, 4
2019/7/22, 52, 20, 16, 16, 2, 4
2019/7/23, 58, 22, 19, 16, 3, 5
2019/7/24, 57, 23, 35, 24, 3, 4
2019/7/25, 39, 28, 42, 25, 3, 5
2019/7/26, 51, 25, 40, 17, 3, 5
2019/7/27, 57, 18, 46, 16, 3, 4
2019/7/28, 50, 21, 54, 18, 3, 4
2019/7/29, 48, 21, 40, 17, 3, 5
2019/7/30, 58, 25, 29, 18, 3, 5
2019/7/31, 60, 24, 40, 18, 3, 4
2019/8/1, 55, 22, 42, 18, 4, 5
2019/8/2, 43, 17, 29, 14, 3, 4
2019/8/3, 41, 18, 33, 13, 3, 3
2019/8/4, 35, 18, 43, 17, 2, 4
2019/8/5, 33, 21, 45, 20, 2, 4
2019/8/6, 41, 23, 35, 23, 2, 5
2019/8/7, 44, 17, 36, 19, 2, 4
2019/8/8, 43, 24, 41, 24, 2, 5
2019/8/9, 45, 23, 36, 19, 2, 4
2019/8/10, 37, 14, 39, 15, 2, 4
2019/8/11, 20, 24, 44, 22, 2, 5
2019/8/12, 44, 19, 30, 19, 2, 4
2019/8/13, 37, 18, 22, 18, 2, 4
2019/8/14, 32, 20, 42, 15, 2, 4
2019/8/15, 40, 22, 23, 19, 2, 4
2019/8/16, 44, 18, 36, 15, 2, 4
2019/8/17, 41, 21, 28, 19, 2, 5
2019/8/18, 34, 22, 44, 22, 2, 4
2019/8/19, 31, 20, 32, 18, 2, 5
2019/8/20, 35, 20, 23, 14, 1, 4
2019/8/21, 36, 24, 34, 17, 1, 4
2019/8/22, 33, 31, 40, 21, 2, 5
2019/8/23, 49, 29, 42, 15, 2, 5
2019/8/24, 44, 26, 39, 17, 2, 5
2019/8/25, 50, 33, 40, 24, 2, 6
2019/8/26, 51, 35, 36, 27, 2, 6
2019/8/27, 55, 37, 45, 25, 2, 6
2019/8/28, 52, 25, 42, 22, 2, 6
2019/8/29, 47, 29, 58, 26, 2, 6
2019/8/30, 53, 26, 52, 19, 2, 6
2019/8/31, 50, 25, 44, 19, 2, 5
2019/9/1, 49, 16, 30, 16, 2, 4
2019/9/2, 39, 20, 23, 14, 2, 5
2019/9/3, 33, 28, 39, 18, 2, 5
2019/9/4, 32, 26, 37, 22, 2, 5
2019/9/5, 30, 22, 31, 20, 2, 5
2019/9/6, 24, 28, 23, 16, 2, 6
2019/9/7, 55, 14, 35, 11, 2, 5
2019/9/8, 38, 17, 24, 17, 2, 5
2019/9/9, 46, 18, 29, 17, 3, 5
2019/9/10, 22, 28, 38, 23, 2, 6
2019/9/11, 42, 25, 39, 22, 2, 6
2019/9/12, 49, 24, 30, 19, 2, 5
2019/9/13, 44, 17, 28, 13, 2, 4
2019/9/14, 23, 18, 32, 12, 3, 5
2019/9/15, 36, 20, 25, 17, 3, 5
2019/9/16, 39, 16, 24, 9, 3, 4
2019/9/17, 27, 14, 24, 11, 3, 4
2019/9/18, 22, 19, 21, 13, 3, 4
2019/9/19, 34, 23, 19, 15, 3, 5
2019/9/20, 47, 27, 29, 14, 3, 6
2019/9/21, 49, 27, 32, 17, 3, 7
2019/9/22, 50, 31, 21, 19, 3, 7
2019/9/23, 55, 41, 17, 18, 3, 6
2019/9/24, 64, 42, 6, 18, 3, 9
2019/9/25, 78, 19, 21, 14, 3, 6
2019/9/26, 44, 22, 19, 18, 3, 7
2019/9/27, 41, 16, 23, 14, 3, 5
2019/9/28, 28, 15, 24, 16, 3, 6
2019/9/29, 26, 14, 27, 12, 3, 4
2019/9/30, 17, 18, 27, 20, 3, 7
2019/4/1, 53, 31, 40, 22, 3, 4
2019/4/2, 73, 47, 42, 30, 3, 6
2019/4/3, 106, 52, 44, 32, 4, 7
2019/4/4, 122, 45, 41, 30, 4, 8
2019/4/5, 107, 37, 26, 18, 3, 7
2019/4/6, 116, 31, 39, 19, 3, 7
2019/4/7, 92, 47, 42, 28, 4, 8
2019/4/8, 124, 41, 46, 22, 4, 6
2019/4/9, 120, 29, 31, 16, 3, 5
2019/4/10, 85, 26, 30, 18, 3, 6
2019/4/11, 93, 22, 25, 21, 2, 6
2019/4/12, 84, 31, 25, 16, 2, 6
2019/4/13, 110, 28, 40, 13, 3, 6
2019/4/14, 89, 29, 41, 22, 4, 6
2019/4/15, 79, 38, 42, 22, 2, 6
2019/4/16, 92, 35, 31, 28, 2, 7
2019/4/17, 93, 43, 45, 33, 2, 8
2019/4/18, 106, 40, 49, 27, 2, 7
2019/4/19, 100, 32, 48, 18, 2, 7
2019/4/20, 85, 21, 43, 14, 2, 
2019/4/21, 68, 19, 40, 9, 2, 
2019/4/22, 68, 31, 41, 17, 1, 
2019/4/23, 64, 39, 38, 25, 1, 
2019/4/24, 69, 43, 35, 29, 1, 
2019/4/25, 74, 56, 32, 33, 1, 
2019/4/26, 80, 27, 19, 15, 2, 
2019/4/27, 74, 20, 19, 10, 1, 
2019/4/28, 78, , 21, 14, 2, 
2019/4/29, 62, 17, 13, 18, 2, 
2019/4/30, 67, 25, 43, 11, 2, 4
2019/5/1, 72, 27, 45, 14, 3, 4
2019/5/2, 73, 28, 28, 13, 3, 5
2019/5/3, 84, 22, 38, 13, 2, 4
2019/5/4, 65, 14, 27, 12, 1, 4
2019/5/5, 50, 20, 28, 19, 2, 5
2019/5/6, 46, 25, 31, 20, 2, 4
2019/5/7, 60, 39, 39, 27, 2, 6
2019/5/8, 88, 32, 31, 31, 2, 7
2019/5/9, 83, 21, 27, 16, 2, 6
2019/5/10, 64, 21, 43, 17, 2, 6
2019/5/11, 56, 29, 28, 11, 2, 5
2019/5/12, 75, 27, 27, 16, 1, 4
2019/5/13, 38, 8, 24, 14, 1, 5
2019/5/14, 43, 8, 11, 16, 1, 6
2019/5/15, 45, 20, 26, 17, 2, 6
2019/5/16, 66, 32, 31, 22, 3, 6
2019/5/17, 81, 27, 40, 15, 2, 6
2019/5/18, 59, 25, 32, 14, 2, 7
2019/5/19, 62, 25, 36, 22, 2, 5
2019/5/20, 51, 34, 25, 16, 2, 5
2019/5/21, 56, 16, 27, 14, 2, 5
2019/5/22, 45, 11, 14, 12, 2, 6
2019/5/23, 42, 33, 12, 15, 2, 7
2019/5/24, 100, 31, 48, 15, 3, 7
2019/5/25, 76, 33, 47, 16, 2, 6
2019/5/26, 86, 32, 37, 24, 2, 6
2019/5/27, 67, 24, 25, 18, 2, 6
2019/5/28, 59, 20, 17, 14, 2, 5
2019/5/29, 53, 21, 20, 14, 1, 5
2019/5/30, 46, 34, 40, 22, 3, 6
2019/5/31, 63, 35, 33, 16, 2, 7
2019/6/1, 64, 24, 41, 14, 2, 5
2019/6/2, 54, 25, 38, 23, 2, 5
2019/6/3, 46, 29, 44, 25, 2, 6
2019/6/4, 55, 29, 40, 22, 3, 5
2019/6/5, 58, 21, 40, 26, 2, 5
2019/6/6, 48, 24, 44, 20, 2, 6
2019/6/7, 56, 25, 46, 13, 2, 5
2019/6/8, 52, 18, 45, 12, 2, 4
2019/6/9, 36, 26, 42, 24, 2, 5
2019/6/10, 55, 31, 45, 30, 2, 6
2019/6/11, 52, 29, 45, 32, 2, 6
2019/6/12, 46, 35, 47, 33, 2, 6
2019/6/13, 51, 31, 49, 22, 2, 7
2019/6/14, 58, 34, 48, 19, 2, 6
2019/6/15, 54, 23, 49, 11, 2, 5
2019/6/16, 47, 19, 37, 21, 2, 5
2019/6/17, 32, 29, 44, 29, 2, 5
2019/6/18, 51, 29, 43, 25, 2, 6
2019/6/19, 54, 16, 37, 13, 2, 5
2019/6/20, 46, 21, 47, 14, 3, 5
2019/6/21, 54, 20, 38, 13, 2, 5
2019/6/22, 55, 14, 41, 9, 3, 4
2019/6/23, 26, 19, 40, 21, 2, 5
2019/6/24, 38, 29, 45, 27, 2, 6
2019/6/25, 61, 28, 47, 19, 2, 6
2019/6/26, 61, 25, 48, 19, 2, 5
2019/6/27, 45, 18, 36, 16, 2, 4
2019/6/28, 45, 18, 48, 15, 2, 4
2019/6/29, 34, 17, 44, 13, 3, 5
2019/6/30, 40, 31, 67, 17, 3, 4
2019/1/1, 84, 8, 24, 11, 2, 5
2019/1/2, 44, 10, 23, 15, 2, 5
2019/1/3, 52, 22, 23, 15, 2, 7
2019/1/4, 107, 12, 17, 15, 3, 7
2019/1/5, 77, 8, 22, 10, 1, 5
2019/1/6, 59, 32, 18, 20, 8, 10
2019/1/7, 132, 29, 12, 25, 4, 13
2019/1/8, 131, 36, 10, 24, 4, 11
2019/1/9, 124, 48, 10, 18, 5, 11
2019/1/10, 169, 55, 11, 19, 9, 10
2019/1/11, 163, 22, 15, 16, 5, 8
2019/1/12, 118, 16, 15, 13, 3, 7
2019/1/13, 58, 10, 21, 11, 3, 5
2019/1/14, 40, 14, 21, 12, 4, 6
2019/1/15, 69, 18, 15, 18, 3, 7
2019/1/16, 89, 31, 19, 27, 3, 13
2019/1/17, 107, 12, 19, 15, 3, 6
2019/1/18, 56, 39, 17, 23, 4, 10
2019/1/19, 113, 73, 9, 21, 7, 14
2019/1/20, 178, 84, 2, 26, 11, 15
2019/1/21, 186, 81, 12, 23, 6, 14
2019/1/22, 176, 42, 18, 15, 5, 8
2019/1/23, 122, 26, 19, 12, 4, 8
2019/1/24, 95, 37, 17, 18, 7, 9
2019/1/25, 128, 42, 11, 19, 7, 9
2019/1/26, 146, 37, 16, 23, 5, 12
2019/1/27, 134, 50, 5, 33, 5, 17
2019/1/28, 160, 23, 7, 22, 5, 10
2019/1/29, 92, 39, 11, 21, 5, 11
2019/1/30, 126, 70, 9, 28, 10, 15
2019/1/31, 168, 59, 19, 28, 10, 13
2019/2/1, 142, 23, 19, 25, 5, 10
2019/2/2, 79, 40, 8, 18, 6, 12
2019/2/3, 143, 21, 8, 16, 5, 9
2019/2/4, 91, 41, 13, 21, 6, 9
2019/2/5, 125, 54, 15, 27, 6, 
2019/2/6, 135, 75, 7, 34, 5, 
2019/2/7, 168, 65, 8, 31, 7, 
2019/2/8, 161, 63, 16, 29, 4, 
2019/2/9, 150, 48, 25, 31, 3, 
2019/2/10, 115, 12, 17, 15, 3, 
2019/2/11, 56, 18, 18, 13, 3, 
2019/2/12, 52, 21, 15, 14, 4, 
2019/2/13, 86, 30, 12, 17, 5, 
2019/2/14, 105, 43, 13, 23, 5, 
2019/2/15, 127, 67, 17, 26, 6, 
2019/2/16, 144, 76, 19, 28, 8, 
2019/2/17, 151, 99, 12, 39, 6, 
2019/2/18, 166, 76, 19, 26, 6, 
2019/2/19, 168, 37, 14, 16, 4, 
2019/2/20, 104, 36, 17, 16, 5, 
2019/2/21, 97, 25, 23, 11, 1, 
2019/2/22, 55, 33, 21, 14, 3, 
2019/2/23, 74, 51, 16, 17, 9, 
2019/2/24, 149, 49, 14, 20, 9, 
2019/2/25, 132, 42, 18, 18, 4, 
2019/2/26, 103, 47, 15, 19, 6, 
2019/2/27, 131, 50, 20, 19, 6, 
2019/2/28, 112, 50, 13, 18, 4, 
2019/3/1, 134, 36, 19, 16, 5, 
2019/3/2, 99, 36, 16, 14, 4, 
2019/3/3, 107, 33, 21, 17, 3, 
2019/3/4, 53, 15, 22, 11, 3, 
2019/3/5, 43, 36, 20, 22, 3, 
2019/3/6, 80, 48, 21, 28, 3, 
2019/3/7, 82, 20, 22, 16, 3, 
2019/3/8, 40, 17, 22, 15, 3, 
2019/3/9, 48, 9, 25, 11, 2, 
2019/3/10, 29, 11, 23, 13, 2, 
2019/3/11, 50, 31, 19, 21, 3, 
2019/3/12, 80, 34, 18, 25, 3, 
2019/3/13, 70, 26, 18, 23, 3, 
2019/3/14, 61, 12, 20, 16, 3, 
2019/3/15, 43, 13, 24, 9, 3, 
2019/3/16, 39, 35, 28, 26, 3, 
2019/3/17, 62, 20, 21, 18, 3, 
2019/3/18, 63, 40, 18, 22, 4, 
2019/3/19, 90, 57, 20, 25, 5, 9
2019/3/20, 138, 58, 16, 27, 6, 9
2019/3/21, 144, 55, 12, 25, 8, 9
2019/3/22, 138, 49, 18, 22, 2, 9
2019/3/23, 125, 38, 22, 15, 4, 6
2019/3/24, 113, 20, 19, 17, 3, 5
2019/3/25, 79, 19, 22, 12, 3, 4
2019/3/26, 69, 26, 23, 18, 4, 5
2019/3/27, 76, 41, 9, 25, 4, 8
2019/3/28, 122, 51, 24, 23, 3, 9
2019/3/29, 144, 59, 29, 26, 7, 10
2019/3/30, 145, 42, 42, 17, 4, 7
2019/3/31, 118, 20, 37, 14, 3, 4
2018/10/1, 124, 24, 19, 16, 2, 6
2018/10/2, 85, 16, 29, 10, 2, 4
2018/10/3, 44, 27, 22, 18, 2, 5
2018/10/4, 70, 48, 29, 25, 2, 11
2018/10/5, 121, 49, 32, 27, 2, 11
2018/10/6, 112, 42, 22, 23, 3, 10
2018/10/7, 113, 27, 22, 15, 2, 6
2018/10/8, 75, 50, 17, 23, 2, 8
2018/10/9, 120, 62, 26, 26, 2, 11
2018/10/10, 142, 68, 15, 23, 2, 11
2018/10/11, 157, 65, 28, 31, 3, 12
2018/10/12, 136, 58, 27, 27, 2, 12
2018/10/13, 153, 59, 26, 23, 3, 11
2018/10/14, 141, 68, 24, 31, 2, 11
2018/10/15, 133, 71, 28, 33, 2, 13
2018/10/16, 139, 77, 25, 40, 3, 14
2018/10/17, 152, 74, 2, 29, 3, 13
2018/10/18, 175, 80, 11, 21, 12, 11
2018/10/19, 181, 49, 18, 14, 16, 7
2018/10/20, 141, 25, 19, 12, 15, 6
2018/10/21, 101, 52, 6, 20, 15, 10
2018/10/22, 158, 21, 21, 11, 16, 5
2018/10/23, 68, 16, 29, 9, 15, 3
2018/10/24, 26, 14, 24, 13, 15, 4
2018/10/25, 57, 36, 21, 23, 16, 8
2018/10/26, 85, 42, 13, 19, 16, 10
2018/10/27, 137, 15, 22, 9, 15, 5
2018/10/28, 77, 36, 18, 16, 5, 8
2018/10/29, 106, 46, 27, 25, , 7
2018/10/30, 69, 63, 19, 40, , 12
2018/10/31, 77, 49, 24, 21, 1, 10
2018/11/1, 117, 57, 27, 29, 1, 10
2018/11/2, 108, 38, 10, 12, , 8
2018/11/3, 137, 23, 10, 10, , 6
2018/11/4, 95, 50, 7, 15, 1, 8
2018/11/5, 141, 62, 8, 27, 2, 13
2018/11/6, 136, 76, 4, 26, 1, 15
2018/11/7, 164, 72, 6, 23, 3, 16
2018/11/8, 170, 80, 3, 27, , 17
2018/11/9, 181, 72, 5, 20, , 19
2018/11/10, 183, 71, 6, 22, 1, 19
2018/11/11, 175, 72, 7, 22, 1, 17
2018/11/12, 175, 73, 10, 25, 3, 16
2018/11/13, 165, 24, 14, 18, 1, 6
2018/11/14, 93, 32, 17, 16, 1, 8
2018/11/15, 108, 26, 15, 12, , 6
2018/11/16, 84, 32, 16, 14, 2, 7
2018/11/17, 120, 40, 13, 16, 5, 8
2018/11/18, 151, 29, 18, 15, 1, 7
2018/11/19, 127, 40, 14, 15, 2, 6
2018/11/20, 142, 29, 16, 15, 2, 6
2018/11/21, 121, 44, 12, 17, 2, 7
2018/11/22, 141, 57, 6, 17, 1, 9
2018/11/23, 162, 47, 1, 16, 2, 13
2018/11/24, 159, 41, 2, 14, 4, 13
2018/11/25, 160, 22, 12, 11, 2, 7
2018/11/26, 99, 27, 16, 13, 3, 6
2018/11/27, 99, 41, 17, 22, 2, 8
2018/11/28, 133, 37, 17, 23, 2, 7
2018/11/29, 128, 41, 12, 26, 3, 9
2018/11/30, 127, 58, 8, 22, 3, 11
2018/12/1, 170, 56, 9, 24, 6, 15
2018/12/2, 172, 36, 8, 29, 3, 15
2018/12/3, 134, 29, 11, 22, 2, 11
2018/12/4, 115, 38, 14, 23, 4, 8
2018/12/5, 115, 60, 4, 32, 6, 13
2018/12/6, 162, 42, 5, 26, 12, 14
2018/12/7, 146, 26, 16, 21, 3, 11
2018/12/8, 97, 7, 22, 15, 2, 8
2018/12/9, 43, 14, 19, 15, 2, 6
2018/12/10, 60, 20, 17, 19, 2, 9
2018/12/11, 102, 27, 9, 16, 2, 9
2018/12/12, 123, 52, 13, 17, 5, 10
2018/12/13, 152, 26, 10, 16, 2, 8
2018/12/14, 113, 20, 13, 10, 2, 7
2018/12/15, 93, 34, 13, 18, 3, 10
2018/12/16, 130, 76, 2, 26, 7, 19
2018/12/17, 203, 66, 2, 26, 10, 16
2018/12/18, 185, 49, 13, 25, 4, 11
2018/12/19, 159, 58, 4, 27, 7, 15
2018/12/20, 176, 44, 11, 34, 5, 17
2018/12/21, 147, 9, 17, 13, 3, 7
2018/12/22, 54, 17, 13, 13, 3, 7
2018/12/23, 97, 9, 17, 10, 2, 5
2018/12/24, 61, 11, 20, 8, 2, 5
2018/12/25, 92, , 16, 7, 3, 5
2018/12/26, 97, 18, 12, 11, 3, 7
2018/12/27, 90, 21, 11, 14, 4, 7
2018/12/28, 99, 17, 13, 13, 3, 7
2018/12/29, 90, 15, 13, 11, 4, 7
2018/12/30, 87, , , , , 
2018/7/1, 24, 14, 31, 9, 1, 4
2018/7/2, 37, 25, 43, 17, , 5
2018/7/3, 49, 31, 63, 24, 1, 6
2018/7/4, 51, 34, 72, 27, 1, 6
2018/7/5, 58, 31, 54, 21, 1, 6
2018/7/6, 87, 25, 43, 15, 1, 4
2018/7/7, 62, 23, 42, 12, 1, 4
2018/7/8, 53, 33, 42, 20, 1, 6
2018/7/9, 71, 29, 51, 20, , 5
2018/7/10, 72, 28, 28, 15, 1, 7
2018/7/11, 107, 20, 39, 12, 1, 5
2018/7/12, 71, 13, 42, 11, , 5
2018/7/13, 57, 19, 35, 11, , 4
2018/7/14, 64, 18, 35, 10, 1, 4
2018/7/15, 62, 21, 28, 15, 1, 6
2018/7/16, 78, 9, 21, 11, , 5
2018/7/17, 80, 10, 20, 10, , 5
2018/7/18, 54, 17, 16, 8, , 5
2018/7/19, 85, 27, 28, 11, , 6
2018/7/20, 99, 32, 60, 25, 1, 6
2018/7/21, 92, 33, 64, 17, , 6
2018/7/22, 99, 29, 43, 16, 1, 5
2018/7/23, 75, 32, 54, 19, , 5
2018/7/24, 69, 29, 41, 15, , 6
2018/7/25, 73, 25, 33, 16, , 6
2018/7/26, 62, 30, 40, 15, 2, 6
2018/7/27, 64, 25, 48, 15, , 6
2018/7/28, 162, 22, 45, 11, , 6
2018/7/29, 297, 26, 30, 16, , 7
2018/7/30, 58, 31, 38, 16, 1, 7
2018/7/31, 71, 28, 45, 15, , 6
2018/8/1, 74, 33, 46, 15, 1, 7
2018/8/2, 75, 34, 55, 30, 1, 7
2018/8/3, 73, 31, 55, 22, , 5
2018/8/4, 74, 31, 50, 15, 1, 5
2018/8/5, 74, 15, 41, 19, 1, 6
2018/8/6, 51, 19, 45, 22, , 5
2018/8/7, 49, 35, 48, 24, 1, 8
2018/8/8, 69, 35, 57, 20, , 7
2018/8/9, 69, 18, 44, 20, 1, 7
2018/8/10, 71, 14, 22, 16, 1, 5
2018/8/11, 60, 20, 46, 17, 2, 5
2018/8/12, 57, 36, 39, 27, 1, 7
2018/8/13, 58, 33, 38, 24, 1, 7
2018/8/14, 77, 13, 32, 12, 1, 4
2018/8/15, 49, 22, 39, 20, 1, 6
2018/8/16, 62, 30, 46, 23, 1, 7
2018/8/17, 83, 34, 50, 23, 1, 7
2018/8/18, 91, 33, 51, 22, 2, 7
2018/8/19, 87, 29, 49, 24, 1, 7
2018/8/20, 73, 25, 28, 17, 1, 6
2018/8/21, 59, 28, 46, 21, 1, 5
2018/8/22, 55, 38, 51, 27, , 7
2018/8/23, 73, 34, 40, 26, 1, 8
2018/8/24, 91, 21, 14, 14, 1, 7
2018/8/25, 88, 11, 22, 12, 1, 6
2018/8/26, 50, 22, 28, 19, 2, 6
2018/8/27, 67, 24, 25, 18, 2, 6
2018/8/28, 73, 34, 42, 21, 1, 5
2018/8/29, 79, 35, 38, 24, 1, 7
2018/8/30, 80, 29, 30, 20, 1, 7
2018/8/31, 88, 32, 46, 14, 1, 6
2018/9/1, 94, 34, 43, 15, 1, 6
2018/9/2, 97, 36, 45, 20, 1, 7
2018/9/3, 85, 24, 26, 19, 1, 7
2018/9/4, 81, 29, 32, 16, 2, 7
2018/9/5, 85, 31, 25, 18, 2, 7
2018/9/6, 90, 37, 46, 26, 2, 8
2018/9/7, 83, 30, , 16, 2, 6
2018/9/8, 104, 22, , 15, , 5
2018/9/9, 73, 31, 42, 23, 2, 7
2018/9/10, 79, 35, 32, 24, 2, 7
2018/9/11, 84, 32, 46, 30, , 8
2018/9/12, 69, 45, 63, 35, 2, 8
2018/9/13, 88, 39, 9, 19, 1, 8
2018/9/14, 115, 16, 23, 14, 1, 6
2018/9/15, 61, 26, 35, 15, 2, 5
2018/9/16, 78, 32, 34, 23, 1, 7
2018/9/17, 77, 38, 44, 26, 1, 7
2018/9/18, 85, 38, 41, 27, 1, 7
2018/9/19, 89, 45, 49, 32, 1, 15
2018/9/20, 110, 48, 43, 34, 1, 21
2018/9/21, 110, 19, 23, 15, , 5
2018/9/22, 60, 13, 29, 12, , 4
2018/9/23, 41, 9, 27, 10, 1, 4
2018/9/24, 25, 17, 23, 14, 1, 4
2018/9/25, 51, 23, 27, 15, 1, 6
2018/9/26, 82, 26, 22, 17, 1, 6
2018/9/27, 66, 29, 28, 18, 1, 14
2018/9/28, 88, 22, 26, 14, , 5
2018/9/29, 60, 32, , 18, , 7
2018/9/30, 103, 41, 18, 21, 3, 8
2018/5/15, 66, 31, 11, 19, 2, 5
2018/5/16, 70, 28, 19, 16, , 4
2018/5/17, 51, 14, 25, 13, , 4
2018/5/18, 85, 36, 35, 12, 1, 4
2018/5/19, 60, 32, 42, 15, 1, 4
2018/5/20, 42, 29, 40, 14, , 4
2018/5/21, 46, 35, 43, 18, 1, 5
2018/5/22, 63, 37, 47, 24, 1, 5
2018/5/23, 68, 36, 53, 21, 1, 4
2018/5/24, 54, 25, 49, 16, 1, 4
2018/5/25, 63, 32, 52, 21, 3, 4
2018/5/28, 49, 40, 43, 18, 1, 5
2018/5/29, 62, 38, 50, 23, 2, 6
2018/5/30, 71, 40, 59, 25, 1, 4
2018/5/31, 83, 35, 53, 17, 1, 4
2018/6/1, 74, 34, 45, 21, 1, 4
2018/6/2, 89, 31, 47, 12, 1, 4
2018/6/3, 82, 23, 61, 11, 1, 5
2018/6/4, 97, 33, 46, 15, 1, 5
2018/6/5, 100, 37, 41, 19, 1, 2
2018/6/6, 44, 29, 51, 14, 1, 4
2018/6/7, 50, 37, 57, 21, 1, 5
2018/6/8, 65, 40, 57, 26, , 4
2018/6/9, 76, 32, 59, 19, , 4
2018/6/10, 76, 28, 56, 14, , 4
2018/6/11, 83, 30, 34, 17, , 6
2018/6/12, 100, 33, 31, 18, , 6
2018/6/13, 83, 33, 30, 15, , 6
2018/6/14, 75, 29, 39, 16, , 5
2018/6/15, 57, 24, 46, 15, , 5
2018/6/16, 60, 26, 45, 17, , 5
2018/6/17, 59, 23, 34, 15, , 6
2018/6/18, 73, 30, 63, 19, , 6
2018/6/19, 79, 32, 61, 21, 1, 6
2018/6/20, 72, 34, 45, 22, , 6
2018/6/21, 70, 35, 28, 18, , 5
2018/6/22, 39, 22, 22, 12, , 4
2018/6/23, 51, 21, 25, 10, , 4
2018/6/24, 43, 10, 30, 8, , 5
2018/6/25, 53, 19, 28, 13, , 5
2018/6/26, 48, 20, 30, 15, , 6
2018/6/27, 60, 22, 27, 14, , 7
2018/6/28, 80, 19, 40, 11, , 7
2018/6/29, 76, 33, 31, 20, , 4
2018/6/30, 28, 16, 24, 10, , 4
2020/2/10, , 9, , 10, , 
2020/2/11, , 11, , 9, , 
2020/2/12, , 29, , 19, , 
2020/2/13, , 19, , 19, , 
2020/2/14, , 34, , 19, , 
2020/2/15, , 54, , 28, , 
2020/2/16, , 49, , 32, , 
2020/2/17, , 17, , 14, , 
2020/2/18, , 20, , 17, , 
2020/2/19, , 26, , 19, , 
2020/2/20, , 25, , 21, , 
2020/2/21, , 27, , 17, , 
2020/2/22, , 9, , 12, , 
2020/2/23, , 5, 20, 16, 2, 8
2020/1/1, , 22, 7, 10, 5, 15
2020/1/4, , 10, 26, 8, 1, 4
2018/12/31, , 19, 20, 10, 2, 6
2018/4/1, , 24, , 8, , 
2018/4/2, , 28, , 13, , 
2018/4/3, , 66, , 25, , 
2018/4/4, , 78, , 31, , 
2018/4/5, , 54, , 20, , 
2018/4/6, , 35, , 16, , 
2018/4/7, , 51, , 18, , 
2018/4/8, , 45, , 16, , 
2018/4/9, , 47, , 23, , 
2018/4/10, , 54, , 26, , 
2018/4/11, , 57, , 28, , 
2018/4/12, , 61, , 23, , 
2018/4/13, , 59, , 23, , 
2018/4/14, , 37, , 19, , 
2018/4/15, , 34, , 18, , 
2018/4/16, , 51, , 21, , 
2018/4/17, , 36, , 15, , 
2018/4/18, , 37, , 18, , 
2018/4/19, , 38, , 18, , 
2018/4/20, , 38, , 24, , 
2018/4/21, , 38, , 18, , 
2018/4/22, , 24, , 14, , 
2018/4/23, , 51, , 23, , 
2018/4/24, , 43, , 19, , 
2018/4/25, , 42, , 18, , 
2018/4/26, , 30, , 17, , 
2018/4/27, , 33, , 18, , 
2018/4/28, , 40, , 23, , 
2018/4/29, , 51, , 20, , 
2018/4/30, , 52, , 23, , 
2018/5/1, , 32, , 14, , 
2018/5/2, , 45, , 19, , 
2018/5/3, , 39, , 14, , 
2018/5/4, , 30, , 11, , 
2018/5/5, , 22, , 7, , 
2018/5/6, , 19, , 8, , 
2018/5/7, , 33, , 17, , 
2018/5/8, , 38, , 20, , 
2018/5/9, , 40, , 20, , 
2018/5/10, , 43, , 18, , 
2018/5/11, , 38, , 23, , 
2018/5/12, , 33, , 17, , 
2018/5/13, , 27, , 13, , 
2018/5/14, , 28, 27, 17, , 5
2018/5/26, , 26, 50, 17, 1, 4
2018/5/27, , 28, 53, 14, 1, 4
2018/1/1, , 48, , 18, , 
2018/1/2, , 54, , 17, , 
2018/1/3, , 24, , 18, , 
2018/1/4, , 27, , 23, , 
2018/1/5, , 32, , 21, , 
2018/1/6, , 57, , 8, , 
2018/1/7, , 36, , 11, , 
2018/1/8, , 27, , 16, , 
2018/1/9, , 40, , 16, , 
2018/1/10, , 47, , 10, , 
2018/1/11, , 47, , 8, , 
2018/1/12, , 35, , 7, , 
2018/1/13, , 27, , 8, , 
2018/1/14, , 32, , 16, , 
2018/1/15, , 52, , 21, , 
2018/1/16, , 44, , 14, , 
2018/1/17, , 23, , 17, , 
2018/1/18, , 20, , 14, , 
2018/1/19, , 26, , 21, , 
2018/1/20, , 56, , 14, , 
2018/1/21, , 52, , 17, , 
2018/1/22, , 52, , 22, , 
2018/1/23, , 61, , 31, , 
2018/1/24, , 73, , 38, , 
2018/1/25, , 87, , 34, , 
2018/1/26, , 111, , 19, , 
2018/1/27, , 94, , 10, , 
2018/1/28, , 41, , 8, , 
2018/1/29, , 17, , 8, , 
2018/1/30, , 18, , 22, , 
2018/1/31, , 50, , 28, , 
2018/2/1, , 60, , 22, , 
2018/2/2, , 37, , 20, , 
2018/2/3, , 74, , 14, , 
2018/2/4, , 52, , 11, , 
2018/2/5, , 26, , 20, , 
2018/2/6, , 61, , 19, , 
2018/2/7, , 64, , 17, , 
2018/2/8, , 60, , 18, , 
2018/2/9, , 72, , 14, , 
2018/2/10, , 64, , 13, , 
2018/2/11, , 57, , 22, , 
2018/2/12, , 66, , 19, , 
2018/2/13, , 71, , 13, , 
2018/2/14, , 36, , 17, , 
2018/2/15, , 44, , 21, , 
2018/2/16, , 63, , 21, , 
2018/2/17, , 64, , 15, , 
2018/2/18, , 48, , 17, , 
2018/2/19, , 38, , 15, , 
2018/2/20, , 58, , 17, , 
2018/2/21, , 51, , 10, , 
2018/2/22, , 38, , 12, , 
2018/2/23, , 39, , 11, , 
2018/2/24, , 37, , 9, , 
2018/2/25, , 30, , 10, , 
2018/2/26, , 45, , 9, , 
2018/2/27, , 34, , 11, , 
2018/2/28, , 31, , 21, , 
2018/3/1, , 73, , 16, , 
2018/3/2, , 76, , 20, , 
2018/3/3, , 74, , 27, , 
2018/3/4, , 105, , 37, , 
2018/3/5, , 111, , 33, , 
2018/3/6, , 70, , 26, , 
2018/3/7, , 70, , 25, , 
2018/3/8, , 60, , 25, , 
2018/3/9, , 63, , 27, , 
2018/3/10, , 81, , 23, , 
2018/3/11, , 67, , 20, , 
2018/3/12, , 42, , 17, , 
2018/3/13, , 35, , 19, , 
2018/3/14, , 40, , 17, , 
2018/3/15, , 42, , 14, , 
2018/3/16, , 35, , 5, , 
2018/3/17, , 17, , 4, , 
2018/3/18, , 30, , 11, , 
2018/3/19, , 29, , 17, , 
2018/3/20, , 40, , 19, , 
2018/3/21, , 50, , 23, , 
2018/3/22, , 64, , 25, , 
2018/3/23, , 78, , 22, , 
2018/3/24, , 66, , 21, , 
2018/3/25, , 62, , 24, , 
2018/3/26, , 70, , 17, , 
2018/3/27, , 48, , 19, , 
2018/3/28, , 46, , 22, , 
2018/3/29, , 46, , 19, , 
2018/3/30, , 40, , 16, , 
2018/3/31, , 31, , 8, , 
2017/10/1, , 46, , 24, , 
2017/10/2, , 50, , 21, , 
2017/10/3, , 37, , 10, , 
2017/10/4, , 22, , 11, , 
2017/10/5, , 19, , 9, , 
2017/10/6, , 12, , 12, , 
2017/10/7, , 23, , 9, , 
2017/10/8, , 13, , 12, , 
2017/10/9, , 25, , 12, , 
2017/10/10, , 22, , 11, , 
2017/10/11, , 21, , 12, , 
2017/10/12, , 30, , 14, , 
2017/10/13, , 34, , 13, , 
2017/10/14, , 43, , 14, , 
2017/10/15, , 37, , 18, , 
2017/10/16, , 48, , 21, , 
2017/10/17, , 68, , 25, , 
2017/10/18, , 68, , 18, , 
2017/10/19, , 62, , 17, , 
2017/10/20, , 71, , 14, , 
2017/10/21, , 59, , 12, , 
2017/10/22, , 41, , 13, , 
2017/10/23, , 25, , 11, , 
2017/10/24, , 25, , 14, , 
2017/10/25, , 40, , 13, , 
2017/10/26, , 33, , 15, , 
2017/10/27, , 21, , 8, , 
2017/10/28, , 13, , 6, , 
2017/10/29, , 8, , 9, , 
2017/10/30, , 16, , 13, , 
2017/10/31, , 29, , 7, , 
2017/11/1, , 18, , 12, , 
2017/11/2, , 24, , 15, , 
2017/11/3, , 37, , 21, , 
2017/11/4, , 52, , 22, , 
2017/11/5, , 42, , 21, , 
2017/11/6, , 54, , 13, , 
2017/11/7, , 43, , 11, , 
2017/11/8, , 32, , 16, , 
2017/11/9, , 64, , 14, , 
2017/11/10, , 34, , 9, , 
2017/11/11, , 13, , 12, , 
2017/11/12, , 16, , 14, , 
2017/11/13, , 26, , 15, , 
2017/11/14, , 40, , 19, , 
2017/11/15, , 68, , 22, , 
2017/11/16, , 71, , 17, , 
2017/11/17, , 62, , 16, , 
2017/11/18, , 41, , 10, , 
2017/11/19, , 18, , 11, , 
2017/11/20, , 17, , 17, , 
2017/11/21, , 27, , 15, , 
2017/11/22, , 43, , 20, , 
2017/11/23, , 67, , 23, , 
2017/11/24, , 73, , 18, , 
2017/11/25, , 64, , 11, , 
2017/11/26, , 24, , 17, , 
2017/11/27, , 52, , 28, , 
2017/11/28, , 60, , 22, , 
2017/11/29, , 63, , 18, , 
2017/11/30, , 40, , 16, , 
2017/12/1, , 51, , 16, , 
2017/12/2, , 78, , 12, , 
2017/12/3, , 35, , 13, , 
2017/12/4, , 30, , 12, , 
2017/12/5, , 24, , 10, , 
2017/12/6, , 20, , 17, , 
2017/12/7, , 40, , 28, , 
2017/12/8, , 43, , 17, , 
2017/12/9, , 39, , 14, , 
2017/12/10, , 23, , 24, , 
2017/12/11, , 34, , 18, , 
2017/12/12, , 26, , 19, , 
2017/12/13, , 46, , 21, , 
2017/12/14, , 36, , 24, , 
2017/12/15, , 42, , 21, , 
2017/12/16, , 62, , 19, , 
2017/12/17, , 55, , 16, , 
2017/12/18, , 55, , 16, , 
2017/12/19, , 47, , 17, , 
2017/12/20, , 60, , 16, , 
2017/12/21, , 40, , 14, , 
2017/12/22, , 27, , 8, , 
2017/12/23, , 20, , 5, , 
2017/12/24, , 12, , 11, , 
2017/12/25, , 28, , 18, , 
2017/12/26, , 69, , 21, , 
2017/12/27, , 56, , 24, , 
2017/12/28, , 38, , 15, , 
2017/12/29, , 38, , 20, , 
2017/12/30, , 40, , , , 
2017/12/31, , 42, , 21, , 
2017/7/1, , 16, , 9, , 
2017/7/2, , 11, , 12, , 
2017/7/3, , 27, , 19, , 
2017/7/4, , 27, , 18, , 
2017/7/5, , 29, , 16, , 
2017/7/6, , 28, , 20, , 
2017/7/7, , 32, , 13, , 
2017/7/8, , 23, , 16, , 
2017/7/9, , 22, , 24, , 
2017/7/10, , 36, , 8, , 
2017/7/11, , 20, , 22, , 
2017/7/12, , 20, , 11, , 
2017/7/13, , 17, , 15, , 
2017/7/14, , 26, , 13, , 
2017/7/15, , 20, , 12, , 
2017/7/16, , 22, , 16, , 
2017/7/17, , 23, , 20, , 
2017/7/18, , 25, , 25, , 
2017/7/19, , 37, , 23, , 
2017/7/20, , 32, , 12, , 
2017/7/21, , 28, , 22, , 
2017/7/22, , 22, , 11, , 
2017/7/23, , 16, , 19, , 
2017/7/24, , 19, , 12, , 
2017/7/25, , 20, , 15, , 
2017/7/26, , 14, , 15, , 
2017/7/27, , 18, , 13, , 
2017/7/28, , 18, , 14, , 
2017/7/29, , 22, , 18, , 
2017/7/30, , 20, , 25, , 
2017/7/31, , 30, , 30, , 
2017/8/1, , 37, , 27, , 
2017/8/2, , 43, , 21, , 
2017/8/3, , 37, , 22, , 
2017/8/4, , 30, , 22, , 
2017/8/5, , 28, , 14, , 
2017/8/6, , 23, , 18, , 
2017/8/7, , 23, , 17, , 
2017/8/8, , 26, , 20, , 
2017/8/9, , 34, , 25, , 
2017/8/10, , 47, , 18, , 
2017/8/11, , 39, , 18, , 
2017/8/12, , 17, , 11, , 
2017/8/13, , 15, , 13, , 
2017/8/14, , 23, , 11, , 
2017/8/15, , 17, , 16, , 
2017/8/16, , 26, , 16, , 
2017/8/17, , 34, , 24, , 
2017/8/18, , 32, , 16, , 
2017/8/19, , 21, , 11, , 
2017/8/20, , 8, , 11, , 
2017/8/21, , 18, , 11, , 
2017/8/22, , 19, , 14, , 
2017/8/23, , 22, , 20, , 
2017/8/24, , 25, , 27, , 
2017/8/25, , 37, , 20, , 
2017/8/26, , 42, , 13, , 
2017/8/27, , 25, , 15, , 
2017/8/28, , 18, , 20, , 
2017/8/29, , 25, , 24, , 
2017/8/30, , 33, , 31, , 
2017/8/31, , 37, , 18, , 
2017/9/1, , 31, , 9, , 
2017/9/2, , 12, , 10, , 
2017/9/3, , 10, , 12, , 
2017/9/4, , 16, , 13, , 
2017/9/5, , 18, , , , 
2017/9/10, , 26, , 23, , 
2017/9/11, , 27, , 15, , 
2017/9/12, , 15, , 12, , 
2017/9/13, , 13, , 15, , 
2017/9/14, , 14, , 17, , 
2017/9/15, , 19, , 17, , 
2017/9/16, , 26, , 10, , 
2017/9/17, , 18, , 15, , 
2017/9/18, , 21, , 17, , 
2017/9/19, , 33, , 17, , 
2017/9/20, , 15, , 17, , 
2017/9/21, , 16, , 16, , 
2017/9/22, , 21, , 13, , 
2017/9/23, , 19, , 12, , 
2017/9/24, , 21, , 15, , 
2017/9/25, , 26, , 15, , 
2017/9/26, , 46, , 17, , 
2017/9/27, , 44, , 18, , 
2017/9/28, , 42, , 23, , 
2017/9/29, , 56, , 19, , 
2017/9/30, , 56, , 20, , 
2017/4/1, , 55, , 32, , 
2017/4/2, , 53, , 20, , 
2017/4/3, , 44, , 19, , 
2017/4/4, , 43, , 23, , 
2017/4/5, , 45, , 15, , 
2017/4/6, , 23, , 19, , 
2017/4/7, , 23, , 15, , 
2017/4/8, , 21, , 20, , 
2017/4/9, , 42, , 21, , 
2017/4/10, , 39, , 16, , 
2017/4/11, , 27, , 16, , 
2017/4/12, , 30, , 15, , 
2017/4/13, , 21, , 17, , 
2017/4/14, , 27, , 15, , 
2017/4/15, , 34, , 7, , 
2017/4/16, , 17, , 13, , 
2017/4/17, , 21, , 18, , 
2017/4/18, , 15, , 10, , 
2017/4/19, , 17, , 15, , 
2017/4/20, , 27, , 19, , 
2017/4/21, , 43, , 13, , 
2017/4/22, , 27, , 11, , 
2017/4/23, , 21, , 19, , 
2017/4/24, , 26, , 28, , 
2017/4/25, , 40, , 19, , 
2017/4/26, , 24, , 18, , 
2017/4/27, , 16, , 18, , 
2017/4/28, , 21, , 20, , 
2017/4/29, , 35, , 22, , 
2017/4/30, , 41, , 11, , 
2017/5/1, , 26, , 14, , 
2017/5/2, , 31, , 10, , 
2017/5/3, , 36, , 20, , 
2017/5/4, , 36, , 19, , 
2017/5/5, , 37, , 16, , 
2017/5/6, , 32, , 12, , 
2017/5/7, , 34, , 11, , 
2017/5/8, , 22, , 14, , 
2017/5/9, , 21, , 19, , 
2017/5/10, , 41, , 27, , 
2017/5/11, , 33, , 24, , 
2017/5/12, , 42, , 14, , 
2017/5/13, , 38, , 19, , 
2017/5/14, , 29, , 20, , 
2017/5/15, , 34, , 21, , 
2017/5/16, , 38, , 25, , 
2017/5/17, , 43, , 26, , 
2017/5/18, , 44, , 27, , 
2017/5/19, , 46, , 15, , 
2017/5/20, , 38, , 9, , 
2017/5/21, , 22, , 17, , 
2017/5/22, , 27, , 23, , 
2017/5/23, , 36, , 14, , 
2017/5/24, , 23, , 19, , 
2017/5/25, , 26, , 19, , 
2017/5/26, , 30, , 18, , 
2017/5/27, , 27, , 18, , 
2017/5/28, , 24, , 18, , 
2017/5/29, , 24, , 17, , 
2017/5/30, , 29, , 15, , 
2017/5/31, , 27, , 17, , 
2017/6/1, , 27, , 25, , 
2017/6/2, , 30, , 28, , 
2017/6/3, , 33, , 16, , 
2017/6/4, , 24, , 15, , 
2017/6/5, , 22, , 20, , 
2017/6/6, , 30, , 11, , 
2017/6/7, , 15, , 16, , 
2017/6/8, , 23, , 26, , 
2017/6/9, , 32, , 15, , 
2017/6/10, , 27, , 13, , 
2017/6/11, , 22, , 20, , 
2017/6/12, , 26, , 12, , 
2017/6/13, , 25, , 15, , 
2017/6/14, , 22, , 15, , 
2017/6/15, , 25, , 16, , 
2017/6/16, , 25, , 7, , 
2017/6/17, , 14, , 13, , 
2017/6/18, , 18, , 19, , 
2017/6/19, , 28, , 21, , 
2017/6/20, , 30, , 17, , 
2017/6/21, , 23, , 25, , 
2017/6/22, , 31, , 17, , 
2017/6/23, , 27, , 16, , 
2017/6/24, , 29, , 15, , 
2017/6/25, , 27, , 14, , 
2017/6/26, , 21, , 20, , 
2017/6/27, , 29, , 22, , 
2017/6/28, , 38, , 20, , 
2017/6/29, , 25, , 17, , 
2017/6/30, , 19, , 14, , 
2017/1/2, , 64, , 15, , 
2017/1/3, , 30, , 10, , 
2017/1/4, , 12, , 17, , 
2017/1/5, , 22, , 11, , 
2017/1/6, , 44, , 21, , 
2017/1/7, , 87, , 29, , 
2017/1/8, , 129, , 31, , 
2017/1/9, , 105, , 33, , 
2017/1/10, , 104, , 42, , 
2017/1/11, , 177, , 20, , 
2017/1/12, , 38, , 28, , 
2017/1/13, , 35, , 18, , 
2017/1/14, , 34, , 18, , 
2017/1/15, , 38, , 25, , 
2017/1/16, , 51, , 24, , 
2017/1/17, , 59, , 17, , 
2017/1/18, , 40, , 27, , 
2017/1/19, , 62, , 32, , 
2017/1/20, , 106, , 28, , 
2017/1/21, , 69, , 22, , 
2017/1/22, , 53, , 37, , 
2017/1/23, , 122, , 25, , 
2017/1/24, , 74, , 23, , 
2017/1/25, , 107, , 26, , 
2017/1/26, , 75, , 44, , 
2017/1/27, , 141, , 40, , 
2017/1/28, , 164, , 33, , 
2017/1/29, , 126, , 49, , 
2017/1/30, , 195, , 39, , 
2017/1/31, , 137, , 36, , 
2017/2/1, , 107, , 35, , 
2017/2/2, , 90, , 30, , 
2017/2/3, , 100, , 17, , 
2017/2/4, , 60, , 21, , 
2017/2/5, , 64, , 18, , 
2017/2/6, , 61, , 14, , 
2017/2/7, , 39, , 15, , 
2017/2/8, , 47, , 19, , 
2017/2/9, , 57, , 22, , 
2017/2/10, , 63, , 18, , 
2017/2/11, , 59, , 16, , 
2017/2/12, , 54, , 27, , 
2017/2/13, , 55, , 33, , 
2017/2/14, , 98, , 49, , 
2017/2/15, , 154, , 38, , 
2017/2/16, , 112, , 32, , 
2017/2/17, , 94, , 22, , 
2017/2/18, , 62, , 22, , 
2017/2/19, , 62, , 20, , 
2017/2/20, , 49, , 15, , 
2017/2/21, , 14, , 17, , 
2017/2/22, , 17, , 25, , 
2017/2/23, , 22, , 13, , 
2017/2/24, , 21, , 20, , 
2017/2/25, , 39, , 23, , 
2017/2/26, , 40, , 34, , 
2017/2/27, , 61, , 32, , 
2017/2/28, , 52, , 22, , 
2017/3/1, , 31, , 22, , 
2017/3/2, , 35, , 24, , 
2017/3/3, , 43, , 33, , 
2017/3/4, , 48, , 22, , 
2017/3/5, , 28, , 22, , 
2017/3/6, , 28, , 25, , 
2017/3/7, , 50, , 22, , 
2017/3/8, , 50, , 23, , 
2017/3/9, , 69, , 21, , 
2017/3/10, , 58, , 16, , 
2017/3/11, , 31, , 12, , 
2017/3/12, , 30, , 19, , 
2017/3/13, , 46, , 28, , 
2017/3/14, , 82, , 24, , 
2017/3/15, , 69, , 21, , 
2017/3/16, , 50, , 25, , 
2017/3/17, , 56, , 13, , 
2017/3/18, , 18, , 10, , 
2017/3/19, , 19, , 15, , 
2017/3/20, , 32, , 23, , 
2017/3/21, , 51, , 19, , 
2017/3/22, , 43, , 18, , 
2017/3/23, , 36, , 23, , 
2017/3/24, , 61, , 16, , 
2017/3/25, , 49, , 16, , 
2017/3/26, , 27, , 20, , 
2017/3/27, , 53, , 25, , 
2017/3/28, , 60, , 20, , 
2017/3/29, , 56, , 22, , 
2017/3/30, , 47, , 28, , 
2017/3/31, , 58, , 31, , 
2016/10/1, , 45, , 21, , 
2016/10/2, , 34, , 16, , 
2016/10/3, , 15, , 14, , 
2016/10/4, , 23, , 12, , 
2016/10/5, , 11, , 17, , 
2016/10/6, , 23, , 18, , 
2016/10/7, , 37, , 15, , 
2016/10/8, , 41, , 14, , 
2016/10/9, , 37, , 17, , 
2016/10/10, , 35, , 14, , 
2016/10/11, , 29, , 14, , 
2016/10/12, , 14, , 17, , 
2016/10/13, , 24, , 20, , 
2016/10/14, , 34, , 14, , 
2016/10/15, , 30, , 11, , 
2016/10/16, , 24, , 18, , 
2016/10/17, , 32, , 20, , 
2016/10/18, , 47, , 22, , 
2016/10/19, , 47, , 20, , 
2016/10/20, , 40, , 20, , 
2016/10/21, , 40, , 17, , 
2016/10/22, , 47, , 19, , 
2016/10/23, , 41, , 27, , 
2016/10/24, , 59, , 21, , 
2016/10/25, , 53, , 16, , 
2016/10/26, , 35, , 23, , 
2016/10/27, , 54, , 16, , 
2016/10/28, , 54, , 10, , 
2016/10/29, , 22, , 10, , 
2016/10/30, , 20, , 15, , 
2016/10/31, , 31, , 13, , 
2016/11/1, , 33, , 14, , 
2016/11/2, , 22, , 14, , 
2016/11/3, , 23, , 25, , 
2016/11/4, , 39, , 24, , 
2016/11/5, , 42, , 18, , 
2016/11/6, , 32, , 18, , 
2016/11/7, , 34, , 23, , 
2016/11/8, , 50, , 21, , 
2016/11/9, , 72, , 27, , 
2016/11/10, , 61, , 12, , 
2016/11/11, , 29, , 10, , 
2016/11/12, , 29, , 14, , 
2016/11/13, , 27, , 24, , 
2016/11/14, , 47, , 26, , 
2016/11/15, , 70, , 22, , 
2016/11/16, , 33, , 22, , 
2016/11/17, , 46, , 37, , 
2016/11/18, , 74, , 27, , 
2016/11/19, , 64, , 23, , 
2016/11/20, , 41, , 27, , 
2016/11/21, , 53, , 29, , 
2016/11/22, , 67, , 26, , 
2016/11/23, , 85, , 26, , 
2016/11/24, , 111, , 17, , 
2016/11/25, , 64, , 16, , 
2016/11/26, , 66, , 11, , 
2016/11/27, , 23, , 13, , 
2016/11/28, , 16, , 17, , 
2016/11/29, , 31, , 16, , 
2016/11/30, , 35, , 15, , 
2016/12/1, , 20, , 14, , 
2016/12/2, , 22, , 14, , 
2016/12/3, , 27, , 22, , 
2016/12/4, , 58, , 27, , 
2016/12/5, , 95, , 18, , 
2016/12/6, , 51, , 26, , 
2016/12/7, , 60, , 21, , 
2016/12/8, , 48, , 17, , 
2016/12/9, , 31, , 13, , 
2016/12/10, , 24, , 10, , 
2016/12/11, , 19, , 17, , 
2016/12/12, , 21, , 24, , 
2016/12/13, , 60, , 20, , 
2016/12/14, , 53, , 20, , 
2016/12/15, , 28, , 24, , 
2016/12/16, , 61, , 23, , 
2016/12/17, , 82, , 14, , 
2016/12/18, , 59, , 17, , 
2016/12/19, , 67, , 25, , 
2016/12/20, , 73, , 22, , 
2016/12/21, , 82, , 19, , 
2016/12/22, , 62, , 16, , 
2016/12/23, , 53, , 14, , 
2016/12/24, , 44, , 8, , 
2016/12/25, , 18, , 6, , 
2016/12/26, , 12, , 8, , 
2016/12/27, , 17, , 12, , 
2016/12/28, , 23, , 20, , 
2016/12/29, , 42, , 23, , 
2016/12/30, , 81, , 21, , 
2016/12/31, , 90, , 26, , 
2017/1/1, , 105, , 20, , 
2016/7/1, , 24, , 16, , 
2016/7/2, , 23, , 10, , 
2016/7/3, , 11, , 16, , 
2016/7/4, , 21, , 22, , 
2016/7/5, , 25, , 12, , 
2016/7/6, , 19, , 15, , 
2016/7/7, , 20, , 24, , 
2016/7/8, , 27, , 12, , 
2016/7/9, , 20, , 13, , 
2016/7/10, , 15, , 25, , 
2016/7/11, , 28, , 23, , 
2016/7/12, , 31, , 17, , 
2016/7/13, , 22, , 12, , 
2016/7/14, , 17, , 10, , 
2016/7/15, , 17, , 11, , 
2016/7/16, , 15, , 14, , 
2016/7/17, , 16, , 14, , 
2016/7/18, , 25, , 14, , 
2016/7/19, , 23, , 18, , 
2016/7/20, , 24, , 23, , 
2016/7/21, , 29, , 24, , 
2016/7/22, , 28, , 21, , 
2016/7/23, , 29, , 19, , 
2016/7/24, , 22, , 21, , 
2016/7/25, , 27, , 14, , 
2016/7/26, , 31, , 17, , 
2016/7/27, , 27, , 15, , 
2016/7/28, , 26, , 14, , 
2016/7/29, , 24, , 13, , 
2016/7/30, , 19, , 18, , 
2016/7/31, , 18, , 15, , 
2016/8/1, , 16, , 18, , 
2016/8/2, , 22, , 17, , 
2016/8/3, , 25, , 20, , 
2016/8/4, , 26, , 20, , 
2016/8/5, , 30, , 10, , 
2016/8/6, , 14, , 12, , 
2016/8/7, , 19, , 23, , 
2016/8/8, , 22, , 17, , 
2016/8/9, , 26, , 17, , 
2016/8/10, , 12, , 16, , 
2016/8/11, , 24, , 17, , 
2016/8/12, , 24, , 12, , 
2016/8/13, , 19, , 11, , 
2016/8/14, , 18, , 10, , 
2016/8/15, , 17, , 18, , 
2016/8/16, , 26, , 22, , 
2016/8/17, , 30, , 25, , 
2016/8/18, , 29, , 32, , 
2016/8/19, , 36, , 24, , 
2016/8/20, , 34, , 17, , 
2016/8/21, , 25, , 17, , 
2016/8/22, , 27, , 17, , 
2016/8/23, , 25, , 17, , 
2016/8/24, , 21, , 26, , 
2016/8/25, , 28, , 28, , 
2016/8/26, , 33, , 26, , 
2016/8/27, , 32, , 21, , 
2016/8/28, , 30, , 22, , 
2016/8/29, , 30, , 17, , 
2016/8/30, , 21, , 25, , 
2016/8/31, , 30, , 26, , 
2016/9/1, , 32, , 26, , 
2016/9/2, , 40, , 23, , 
2016/9/3, , 39, , 17, , 
2016/9/4, , 26, , 16, , 
2016/9/5, , 14, , 14, , 
2016/9/6, , 20, , 28, , 
2016/9/7, , 38, , 28, , 
2016/9/8, , 33, , 32, , 
2016/9/9, , 41, , 29, , 
2016/9/10, , 44, , 24, , 
2016/9/11, , 39, , 36, , 
2016/9/12, , 48, , 39, , 
2016/9/13, , 53, , 28, , 
2016/9/14, , 42, , 31, , 
2016/9/15, , 44, , 36, , 
2016/9/16, , 53, , 24, , 
2016/9/17, , 43, , 10, , 
2016/9/18, , 37, , 16, , 
2016/9/19, , 32, , 20, , 
2016/9/20, , 30, , 18, , 
2016/9/21, , 35, , 18, , 
2016/9/22, , 38, , 22, , 
2016/9/23, , 39, , 21, , 
2016/9/24, , 42, , 20, , 
2016/9/25, , 34, , 22, , 
2016/9/26, , 42, , 24, , 
2016/9/27, , 51, , 21, , 
2016/9/28, , 47, , 22, , 
2016/9/29, , 31, , 34, , 
2016/9/30, , 41, , 30, , 
2016/4/1, , 36, , 19, , 
2016/4/2, , 43, , 26, , 
2016/4/3, , 47, , 31, , 
2016/4/4, , 63, , 36, , 
2016/4/5, , 75, , 23, , 
2016/4/6, , 64, , 24, , 
2016/4/7, , 59, , 20, , 
2016/4/8, , 42, , 19, , 
2016/4/9, , 29, , 13, , 
2016/4/10, , 44, , 18, , 
2016/4/11, , 60, , 27, , 
2016/4/12, , 66, , 25, , 
2016/4/13, , 58, , 25, , 
2016/4/14, , 56, , 19, , 
2016/4/15, , 34, , 28, , 
2016/4/16, , 38, , 19, , 
2016/4/17, , 46, , 22, , 
2016/4/18, , 29, , 18, , 
2016/4/19, , 56, , 15, , 
2016/4/20, , 56, , 20, , 
2016/4/21, , 52, , 22, , 
2016/4/22, , 64, , 23, , 
2016/4/23, , 47, , 13, , 
2016/4/24, , 23, , 19, , 
2016/4/25, , 46, , 23, , 
2016/4/26, , 39, , 25, , 
2016/4/27, , 27, , 16, , 
2016/4/28, , 23, , 27, , 
2016/4/29, , 39, , 20, , 
2016/4/30, , 37, , 13, , 
2016/5/1, , 35, , 13, , 
2016/5/2, , 30, , 12, , 
2016/5/3, , 26, , 17, , 
2016/5/4, , 43, , 18, , 
2016/5/5, , 38, , 25, , 
2016/5/6, , 38, , 20, , 
2016/5/7, , 39, , 16, , 
2016/5/8, , 23, , 26, , 
2016/5/9, , 34, , 27, , 
2016/5/10, , 40, , 29, , 
2016/5/11, , 43, , 27, , 
2016/5/12, , 37, , 22, , 
2016/5/13, , 28, , 17, , 
2016/5/14, , 26, , 11, , 
2016/5/15, , 24, , 15, , 
2016/5/16, , 33, , 16, , 
2016/5/17, , 31, , 26, , 
2016/5/18, , 38, , 30, , 
2016/5/19, , 52, , 31, , 
2016/5/20, , 42, , 23, , 
2016/5/21, , 42, , 24, , 
2016/5/22, , 39, , 30, , 
2016/5/23, , 40, , 22, , 
2016/5/24, , 36, , 24, , 
2016/5/25, , 35, , 10, , 
2016/5/26, , 32, , 23, , 
2016/5/27, , 41, , 19, , 
2016/5/28, , 22, , 22, , 
2016/5/29, , 28, , 25, , 
2016/5/30, , 32, , 29, , 
2016/5/31, , 40, , 23, , 
2016/6/1, , 30, , 25, , 
2016/6/2, , 28, , 25, , 
2016/6/3, , 38, , 26, , 
2016/6/4, , 41, , 20, , 
2016/6/5, , 32, , 15, , 
2016/6/6, , 21, , 20, , 
2016/6/7, , 28, , 28, , 
2016/6/8, , 34, , 21, , 
2016/6/9, , 38, , 19, , 
2016/6/10, , 32, , 19, , 
2016/6/11, , 29, , 19, , 
2016/6/12, , 28, , 21, , 
2016/6/13, , 29, , 21, , 
2016/6/14, , 33, , 18, , 
2016/6/15, , 24, , 21, , 
2016/6/16, , 21, , 16, , 
2016/6/17, , 32, , 15, , 
2016/6/18, , 17, , 18, , 
2016/6/19, , 25, , 17, , 
2016/6/20, , 20, , 16, , 
2016/6/21, , 22, , 26, , 
2016/6/22, , 32, , 25, , 
2016/6/23, , 35, , 27, , 
2016/6/24, , 42, , 22, , 
2016/6/25, , 38, , 12, , 
2016/6/26, , 26, , 17, , 
2016/6/27, , 18, , 20, , 
2016/6/28, , 26, , 25, , 
2016/6/29, , 29, , 23, , 
2016/6/30, , 24, , 22, , 
2016/1/6, , 81, , 18, , 
2016/1/7, , 79, , 25, , 
2016/1/8, , 65, , 34, , 
2016/1/9, , 74, , 20, , 
2016/1/10, , 63, , 25, , 
2016/1/11, , 75, , 15, , 
2016/1/12, , 25, , 15, , 
2016/1/13, , 23, , 23, , 
2016/1/14, , 44, , 25, , 
2016/1/15, , 55, , 20, , 
2016/1/16, , 41, , 20, , 
2016/1/17, , 58, , 24, , 
2016/1/18, , 69, , 26, , 
2016/1/19, , 79, , 24, , 
2016/1/20, , 76, , 22, , 
2016/1/21, , 51, , 26, , 
2016/1/22, , 77, , 40, , 
2016/1/23, , 192, , 21, , 
2016/1/24, , 68, , 21, , 
2016/1/25, , 56, , 20, , 
2016/1/26, , 52, , 29, , 
2016/1/27, , 59, , 21, , 
2016/1/28, , 35, , 23, , 
2016/1/29, , 62, , 24, , 
2016/1/30, , 44, , 9, , 
2016/1/31, , 24, , 21, , 
2016/2/1, , 32, , 12, , 
2016/2/2, , 25, , 18, , 
2016/2/3, , 37, , 18, , 
2016/2/4, , 33, , 22, , 
2016/2/5, , 40, , 25, , 
2016/2/6, , 63, , 26, , 
2016/2/7, , 49, , 32, , 
2016/2/8, , 63, , 16, , 
2016/2/9, , 32, , 21, , 
2016/2/10, , 28, , 15, , 
2016/2/11, , 22, , 27, , 
2016/2/12, , 38, , 22, , 
2016/2/13, , 35, , 23, , 
2016/2/15, , 48, , 14, , 
2016/2/16, , 38, , 13, , 
2016/2/17, , 41, , 20, , 
2016/2/18, , 62, , 16, , 
2016/2/19, , 40, , 20, , 
2016/2/20, , 46, , 15, , 
2016/2/21, , 17, , 9, , 
2016/2/22, , 25, , 21, , 
2016/2/23, , 36, , 22, , 
2016/2/24, , 37, , 29, , 
2016/2/25, , 53, , 27, , 
2016/2/26, , 61, , 21, , 
2016/2/27, , 75, , 17, , 
2016/2/28, , 48, , 13, , 
2016/2/29, , 41, , 14, , 
2016/3/1, , 22, , 23, , 
2016/3/2, , 47, , 18, , 
2016/3/3, , 44, , 21, , 
2016/3/4, , 61, , 22, , 
2016/3/5, , 64, , 17, , 
2016/3/6, , 41, , 20, , 
2016/3/7, , 52, , 23, , 
2016/3/8, , 48, , 19, , 
2016/3/9, , 55, , 14, , 
2016/3/10, , 27, , 16, , 
2016/3/11, , 37, , 11, , 
2016/3/12, , 21, , 11, , 
2016/3/13, , 27, , 18, , 
2016/3/14, , 40, , 16, , 
2016/3/15, , 25, , 23, , 
2016/3/16, , 56, , 25, , 
2016/3/17, , 87, , 19, , 
2016/3/18, , 78, , 14, , 
2016/3/19, , 39, , 15, , 
2016/3/20, , 55, , 18, , 
2016/3/21, , 51, , 17, , 
2016/3/22, , 37, , 27, , 
2016/3/23, , 54, , 21, , 
2016/3/24, , 50, , 24, , 
2016/3/25, , 64, , 17, , 
2016/3/26, , 48, , 13, , 
2016/3/27, , 41, , 19, , 
2016/3/28, , 40, , 21, , 
2016/3/29, , 41, , 22, , 
2016/3/30, , 44, , 23, , 
2016/3/31, , 48, , 18, , 
2017/9/9, , , , 24, , 
2016/1/5, , , , 18, , 
2016/2/14, , , , 21, , 